name,address,city,state,zip_code
Abatek Corp.,46-32 53rd Ave,Queens,NY,11378
"Abatement Unlimited, Inc.",4332 Bullard Avenue,Bronx,NY,10466
"ABC Construction Contracting, Inc.",3616 19th Avenue,Astoria,NY,11105
A Quest Corporation,159 42nd Street,Brooklyn,NY,11232
A.S.A.R. International Corporation,491 Wild Avenue,Staten Island,NY,10314
"ATCO Contracting Group, INC.",34-52 11th Street,Queens,NY,11106
"Branch Services, Inc.",2099 9th Avenue,Ronkonkoma,NY,11779
"Citywide Environmental Services, Inc.",151-17 6th Road,Whitestone,NY,11357
"D&S Restoration, Inc.",20 California Avenue,Paterson,NJ,07503
"Empire Control Abatement, Inc.",206 Terminal Drive,Plainview,NY,11803
"ETS Contracting, Inc.",160 Clay Street,Brooklyn,NY,11222
"GPA Environmental Group, Inc.",8-63 Astoria Boulevard,Astoria,NY,11102
KISS Construction Inc.,5911 56th Street,Flushing,NY,11378
"M&N General Services, Inc.",919 81st Street,Brooklyn,NY,11228
Maven Construction Corp.,617 Johnson Avenue,Brooklyn,NY,11237
NESCO,900 3rd Avenue,New Hyde Park,NY,11040
"New York Environmental Systems, Inc.",368 Richardson Street,Brooklyn,NY,11222
P.A.L. Environmental Safety Corp.,1102 Queens Plaza S.,Long Island City,NY,11101
PAR Environmental Corporation,313 Spook Rock Road,Suffern,NY,10901
Trio Asbestos Removal Corporation,1506 129th Street,Flushing,NY,11356
U.S. Environmental Abatement Corp.,558 Union Ave,Westbury,NY,11590
"United Precision Management, Inc.",82109 Country Pointe Circle,Queens Village,NY,11427
Nebcom Inc.,35-61 Vernon Boulevard,Long Island City,NY,11106
