first_name,last_name,title,email,phone,adp_id
Evan,Greenberg,,,,EMP000001
Shams,Hossain,,shams.hossain@example.com,(555) 000-0001,EMP000002
Adewale,Ibitayo,,adewale.ibitayo@example.com,(555) 000-0002,EMP000003
Gbolahan,Idowu,,gbolahan.idowu@example.com,(555) 000-0003,EMP000004
Saul,Jerez,,saul.jerez@example.com,(555) 000-0004,EMP000005
Roberto,Jordan,,roberto.jordan@example.com,(555) 000-0005,EMP000006
Jingfeng,Ju,,jingfeng.ju@example.com,(555) 000-0006,EMP000007
Stephane,Kamga Wafo,,stephane.kamgawafo@example.com,(555) 000-0007,EMP000008
Priyanthi,Karuppiah,,priyanthi.karuppiah@example.com,(555) 000-0008,EMP000009
Abdul,Khan,,abdul.khan@example.com,(555) 000-0009,EMP000010
Ruslan,Kleyner,,ruslan.kleyner@example.com,(555) 000-0010,EMP000011
Natalia,Kozlova,,natalia.kozlova@example.com,(555) 000-0011,EMP000012
Paul,Lindell,,,,EMP000013
Simone,Loktseu,,simone.loktseu@example.com,(555) 000-0012,EMP000014
Steve,Lugo,,steve.lugo@example.com,(555) 000-0013,EMP000015
Asad,Mahmood,,asad.mahmood@example.com,(555) 000-0014,EMP000016
Jennifer,Mahoney,,jennifer.mahoney@example.com,(555) 000-0015,EMP000017
Michael,Malo,,michael.malo@example.com,(555) 000-0016,EMP000018
Artour,Martirossian,,artour.martirossian@example.com,(555) 000-0017,EMP000019
John,Mierzejewski,,john.mierzejewski@example.com,(555) 000-0018,EMP000020
Patrick,Muccini,,patrick.muccini@example.com,(555) 000-0019,EMP000021
Ramaz,Navrozashvili,,ramaz.navrozashvili@example.com,(555) 000-0020,EMP000022
Daniela,Nunez,,,,EMP000023
Olakunle,Ogungbaike,,olakunle.ogungbaike@example.com,(555) 000-0021,EMP000024
Michael,Oliver,,michael.oliver@example.com,(555) 000-0022,EMP000025
Joe,Origbo,,joe.origbo@example.com,(555) 000-0023,EMP000026
Katerina,Pantginis,,katerina.pantginis@example.com,(555) 000-0024,EMP000027
Brideen,Peel,,brideen.peel@example.com,(555) 000-0025,EMP000028
Diana,Polonska,,diana.polonska@example.com,(555) 000-0026,EMP000029
Waleed,Rasul,,waleed.rasul@example.com,(555) 000-0027,EMP000030
Taras,Redkva,,,,EMP000031
Franklin,Rivera Skorodinsky,,franklin.riveraskorodinsky@example.com,(555) 000-0028,EMP000032
Anastasia,Rubio,,,,EMP000033
Hailey,Sanchez,,hailey.sanchez@example.com,(555) 000-0029,EMP000034
Ahmed,Shaheen,,,,EMP000035
Nicole,Sikorski,,nicole.sikorski@example.com,(555) 000-0030,EMP000036
Wojciech,Sikorski,,wojciech.sikorski@example.com,(555) 000-0031,EMP000037
Michael,Silberstein,,,,EMP000038
William,Silveri,,,,EMP000039
Valerie,Skuba,,valerie.skuba@example.com,(555) 000-0032,EMP000040
Edmund,Skulimowski,,edmund.skulimowski@example.com,(555) 000-0033,EMP000041
Roma,Svan,,roma.svan@example.com,(555) 000-0034,EMP000042
Matthew,Taylor,,matthew.taylor@example.com,(555) 000-0035,EMP000043
Daniel,Tran,,daniel.tran@example.com,(555) 000-0036,EMP000044
Volodymyr,Varunok,,volodymyr.varunok@example.com,(555) 000-0037,EMP000045
Iosebi,Verdzeuli,,iosebi.verdzeuli@example.com,(555) 000-0038,EMP000046
Habibullah,Yousafzai,,,,EMP000047
Waseem,Khan,,waseem.khan@example.com,(555) 000-0039,EMP000048
Andrew,Akuvaev,,,,EMP000049