code,name,address,city,state,zip_code
M134,P.S. 134,293 EAST BROADWAY,MANHATTAN,NY,10002
K247,P.S. 247,7000 21ST AVENUE,BROOKLYN,NY,11204
R445,PORT RICHMOND HS - S. I.,85 ST JOSEPHS AVENUE,STATEN ISLAND,NY,10302
R044,P.S. 44 - STATEN ISLAND,80 MAPLE PARKWAY,STATEN ISLAND,NY,10303
X142,I.S. 142,3750 BAYCHESTER AVENUE,BRONX,NY,10466
X135,I.S. 135,2441 WALLACE AVENUE,BRONX,NY,10467
X044,P.S. 44,1825 PROSPECT AVENUE,BRONX,NY,10457
R022,P.S. 22 - STATEN ISLAND,1860 FOREST AVENUE,STATEN ISLAND,NY,10303
K017,P.S. 17,208 NORTH 5TH STREET,BROOKLYN,NY,11211
X153,P.S. 153,650 BAYCHESTER AVENUE,BRONX,NY,10475
M501,ARTHUR SCHOMBURG HS (IS 201),3450 EAST TREMONT AVENUE,BRONX,NY,10465
Q204,I.S. 204,36-41 28TH STREET,QUEENS,NY,11106
X055,P.S. 55,450 SAINT PAUL'S PLACE,BRONX,NY,10456
M081,MID-MANHATTAN ADULT LEARNING CENTER,212 WEST 120TH STREET,MANHATTAN,NY,10027
X070,P.S. 70,1691 WEEKS AVENUE,BRONX,NY,10457
M171,P.S. 171,19 EAST 103RD STREET,MANHATTAN,NY,10029
M206,P.S. 206 (TANDEM M112),508 EAST 120TH STREET,MANHATTAN,NY,10035
M534,P. S. @ 220 WEST 108 STREET,34 WEST 14TH STREET,MANHATTAN,NY,10011
X057,P.S. 57,2111 CROTONA AVENUE,BRONX,NY,10457
X025,P.S. 25,811 EAST 149TH STREET,BRONX,NY,10455
Q098,P.S. 98,40-20 235TH STREET,QUEENS,NY,11363
Q387,PRE-K CENTER @ 100-01 SPRINGFIELD BOULEVARD,97-29 64 ROAD,QUEENS,NY,11374
Q251,P.S. 251 (TANDEM Q231),144-51 ARTHUR STREET,QUEENS,NY,11413
Q721,P.S. 16 (OLD Q721 SPED),57-12 94TH STREET,QUEENS,NY,11373
Q439,3K CENTER @ 101-49 WOODHAVEN BOULEVARD - QUEENS,101-49 WOODHAVEN BOULEVARD,QUEENS,NY,11416
K164,P.S. 164,4211 14TH AVENUE,BROOKLYN,NY,11219
M133,P.S. 133,2121 5TH AVENUE,MANHATTAN,NY,10037
M895,YOUNG WOMEN'S LEADERSHIP H.S.,105 EAST 106TH STREET,MANHATTAN,NY,10029
Q223,P.S. 223,125-20 SUTPHIN BOULEVARD,QUEENS,NY,11434
Q192,I.S. 192,109-89 204TH STREET,QUEENS,NY,11412
Q059,I.S. 59,132-55 RIDGEDALE STREET,QUEENS,NY,11413
Q143,P.S. 143,34-55 112 STREET,QUEENS,NY,11368
M044,I.S. 44,100 WEST 77TH STREET,MANHATTAN,NY,10024
M164,I.S. 164,401 WEST 164TH STREET,MANHATTAN,NY,10032
Q189,J.H.S. 189,144-80 BARCLAY AVENUE,QUEENS,NY,11355
M072,P.S. 72,131 EAST 104TH STREET,MANHATTAN,NY,10029
Q138,P.S. 138,251-11 WELLER AVENUE,QUEENS,NY,11422
Q136,P.S. 136,201-15 115TH AVENUE,QUEENS,NY,11412
M054,I.S. 54,103 WEST 107TH STREET,MANHATTAN,NY,10025
K195,P.S. 195,131 IRWIN STREET,BROOKLYN,NY,11235
X115,I.S. 399 (OLD X HS/X115),120 EAST 184TH STREET,BRONX,NY,10468
Q141,I.S. 141,37-11 21ST AVENUE,QUEENS,NY,11105
R072,I.S. 72 - STATEN ISLAND,33 FERNDALE AVENUE,STATEN ISLAND,NY,10314
K145,P.S. 145,100 NOLL STREET,BROOKLYN,NY,11206
R039,P.S. 39 - STATEN ISLAND,99 MACFARLAND AVENUE,STATEN ISLAND,NY,10305
M017,I.S. 17,328 WEST 48TH STREET,MANHATTAN,NY,10036
R026,P.S. 26 - STATEN ISLAND,4108 VICTORY BOULEVARD,STATEN ISLAND,NY,10314
K650,HARRY VANARSDALE VOC HS(WHITNEY)-K,257 NORTH 6TH STREET,BROOKLYN,NY,11211
K874,I.S. 340 (OLD 249 AX),227 STERLING PLACE,BROOKLYN,NY,11238
Q135,P.S. 135,207-11 89TH AVENUE,QUEENS,NY,11427
M112,P.S. 112 (TANDEM M206),535 EAST 119TH STREET,MANHATTAN,NY,10035
Q166,P.S. 166,33-09 35TH AVENUE,QUEENS,NY,11106
K228,I.S. 228,228 AVENUE S,BROOKLYN,NY,11223
R029,P.S. 29 - STATEN ISLAND,1581 VICTORY BOULEVARD,STATEN ISLAND,NY,10314
M142,P.S. 142,100 ATTORNEY STREET,MANHATTAN,NY,10002
R018,P.S. 18 - STATEN ISLAND,221 BROADWAY,STATEN ISLAND,NY,10310
Q420,SPRINGFIELD GARDENS HS,143-10 SPRINGFIELD BOULEVARD,QUEENS,NY,11413
X445,BRONX HS OF SCIENCE,75 WEST 205TH STREET,BRONX,NY,10468
R014,P.S. 14 - STATEN ISLAND,35 HILL STREET,STATEN ISLAND,NY,10304
Q096,P.S. 96,130-01 ROCKAWAY BOULEVARD,QUEENS,NY,11420
Q519,SUCCESS ACADEMY @ 158-10 101 STREET,158-10 101ST STREET,QUEENS,NY,11414
Q086,P.S. 86,87-41 PARSONS BOULEVARD,QUEENS,NY,11432
K175,TEACHERS PREP HIGH SCHOOL,226 BRISTOL STREET,BROOKLYN,NY,11212
K183,P.S. 183,76 RIVERDALE AVENUE,BROOKLYN,NY,11212
K226,P.S. 226,6006 23RD AVENUE,BROOKLYN,NY,11204
R455,TOTTENVILLE HS - S. I.,100 LUTEN AVENUE,STATEN ISLAND,NY,10312
K445,NEW UTRECHT HS,1601 80TH STREET,BROOKLYN,NY,11214
M013,I.S. 13,1573 MADISON AVENUE,MANHATTAN,NY,10029
R003,P.S. 3 - STATEN ISLAND,80 SOUTH GOFF AVENUE,STATEN ISLAND,NY,10309
Q214,P.S. 214,31-15 140TH STREET,QUEENS,NY,11354
M066,RICHARD R GREEN HS OF TEACHING,421 EAST 88TH STREET,MANHATTAN,NY,10128
M099,I.S. 99,410 EAST 100TH STREET,MANHATTAN,NY,10029
K167,P.S. 167,1025 EASTERN PARKWAY,BROOKLYN,NY,11213
X114,P.S. 114,1155 CROMWELL AVENUE,BRONX,NY,10452
M110,P.S. 110,285 DELANCY STREET,MANHATTAN,NY,10002
K845,P.S. 295,330 18TH STREET,BROOKLYN,NY,11215
K234,I.S. 234,1875 EAST 17TH STREET,BROOKLYN,NY,11229
K128,P.S. 128 (TANDEM BROOKLYN STUDIO),2075 84TH STREET,BROOKLYN,NY,11214
R450,CURTIS HS - S. I.,105 HAMILTON AVENUE,STATEN ISLAND,NY,10301
K180,P.S. 180,5601 16TH AVENUE,BROOKLYN,NY,11204
X042,P.S. 42,1537 WASHINGTON AVENUE,BRONX,NY,10457
X154,P.S. 154,333 EAST 135TH STREET,BRONX,NY,10454
K157,P.S. 157,850 KENT AVENUE,BROOKLYN,NY,11205
K048,P.S. 48,6015 18TH AVENUE,BROOKLYN,NY,11204
Q178,P.S. 178,189-10 RADNOR ROAD,QUEENS,NY,11423
Q025,J.H.S. 25,34-65 192ND STREET,QUEENS,NY,11358
Q113,P.S./I.S. 113,78-23 87 STREET,QUEENS,NY,11385
K525,EDWARD R. MURROW HS,1600 AVENUE L,BROOKLYN,NY,11230
K677,P.S. 677,605 SHEPHERD AVENUE,BROOKLYN,NY,11208
K470,GEORGE W. WINGATE HS,600 KINGSTON AVENUE,BROOKLYN,NY,11203
Q157,J.H.S. 157,63-55 102 STREET,QUEENS,NY,11374
M600,FASHION INDUSTRIES VOC HS,225 WEST 24TH STREET,MANHATTAN,NY,10011
R440,STATEN ISLAND TECHNICAL HS - S.I.,465 NEW DORP LANE,STATEN ISLAND,NY,10306
Q081,P.S. 81,559 CYPRESS AVENUE,QUEENS,NY,11385
Q087,P.S. 87,67-54 80TH STREET,QUEENS,NY,11379
Q149,P.S. 149,93-11 34TH AVENUE,QUEENS,NY,11372
M169,P.S. 169 (ECF),110 EAST 88 STREET,MANHATTAN,NY,10128
Q199,P.S. 199,39-20 48 AVENUE,QUEENS,NY,11104
Q071,P.S. 71,62-85 FOREST AVENUE,QUEENS,NY,11385
K051,I.S. 51,350 5 AVENUE,BROOKLYN,NY,11215
K778,EL PUENTE HIGH SCHOOL,250 HOOPER STREET,BROOKLYN,NY,11211
Q610,AVIATION HS,45-30 36TH STREET,QUEENS,NY,11101
Q801,BUREAU OF SUPPLIES,44-36 VERNON BOULEVARD,QUEENS,NY,11101
Q202,I.S. 202,138-30 LAFAYETTE STREET,QUEENS,NY,11417
K485,TELECOM. ARTS & TECH.,350 67TH STREET,BROOKLYN,NY,11220
K010,P.S. 10,511 7TH AVENUE,BROOKLYN,NY,11215
X148,I.S. 219 (OLD 148),3630 THIRD AVENUE,BRONX,NY,10456
Q042,P.S. 42,488 BEACH 66 STREET,QUEENS,NY,11692
M161,P.S. 161,499 WEST 133RD STREET,MANHATTAN,NY,10027
M167,I.S. 167,220 EAST 76TH STREET,MANHATTAN,NY,10021
K204,P.S. 204,8101 15TH AVENUE,BROOKLYN,NY,11228
R041,P.S. 41 - STATEN ISLAND,216 CLAWSON STREET,STATEN ISLAND,NY,10306
K127,P.S. 127,7805 7 AVENUE,BROOKLYN,NY,11228
K142,J.H.S. 142,610 HENRY STREET,BROOKLYN,NY,11231
K186,P.S. 186,7601 19TH AVENUE,BROOKLYN,NY,11214
Q450,NEWCOMERS HIGH SCHOOL (OLD LIC)-Q,14-30 BROADWAY,QUEENS,NY,11106
Q117,P.S. 117,85-15 143RD STREET,QUEENS,NY,11435
R032,P.S. 32 - STATEN ISLAND,232 BARLOW AVENUE,STATEN ISLAND,NY,10308
Q365,3K Center @ 98-05 63rd Drive,98-05 63 DRIVE,QUEENS,NY,11374
Q215,P.S. 215,535 BRIAR PLACE,QUEENS,NY,11691
K176,P.S. 176,1225 69TH STREET,BROOKLYN,NY,11219
K160,P.S. 160,5105 FORT HAMILTON PARKWAY,BROOKLYN,NY,11219
M844,P.S. 138 ANNEX (OLD M047 AX),400 FIRST AVENUE,MANHATTAN,NY,10010
M047,J.H.S. 47 (SCH FOR THE DEAF),223 EAST 23RD STREET,MANHATTAN,NY,10010
K801,CENT HEADQTRS (65 COURT),65 COURT STREET,BROOKLYN,NY,11201
M435,MANHTN CT FOR MATH & SCI. HS,260 PLEASANT AVENUE,MANHATTAN,NY,10029
Q593,WATERSIDE CHILDREN'S STUDIO SCHOOL,140 BEACH 112TH STREET,QUEENS,NY,11694
K107,P.S. 107,1301 8TH AVENUE,BROOKLYN,NY,11215
K075,P.S. 75,95 GROVE STREET,BROOKLYN,NY,11221
R470,CONCORD HS (OLD 12) - S.I.,109 RHINE AVENUE,STATEN ISLAND,NY,10304
Q099,P.S. 99,82-37 KEW GARDENS ROAD,QUEENS,NY,11415
K150,P.S. 150,364 SACKMAN STREET,BROOKLYN,NY,11212
K223,I.S. 223,4200 16TH AVENUE,BROOKLYN,NY,11204
K425,JAMES MADISON HS,3787 BEDFORD AVENUE,BROOKLYN,NY,11229
Q073,I.S. 73,70-02 54TH AVENUE,QUEENS,NY,11378
K095,P.S. 95,345 VAN SICKLEN STREET,BROOKLYN,NY,11223
M098,P.S. 98,512 WEST 212TH STREET,MANHATTAN,NY,10034
M102,P.S. 102,315 EAST 113TH STREET,MANHATTAN,NY,10029
R053,P.S. 53 - STATEN ISLAND,330 DURANT AVENUE,STATEN ISLAND,NY,10308
K460,John Jay Educational Campus,237 7TH AVENUE,BROOKLYN,NY,11215
Q033,P.S. 33,91-37 222ND STREET,QUEENS,NY,11428
K864,P.S. 361 (OLD 89),3109 NEWKIRK AVENUE,BROOKLYN,NY,11226
X041,P.S. 41,3352 OLINVILLE AVENUE,BRONX,NY,10467
Q048,P.S. 48,108-29 155TH STREET,QUEENS,NY,11433
Q217,I.S. 217,85-05 144TH STREET,QUEENS,NY,11435
M824,MILLENNIUM HS,75 BROAD STREET,MANHATTAN,NY,10004
Q085,P.S. 85,23-70 31ST STREET,QUEENS,NY,11105
Q010,I.S. 10,45-11 31 AVENUE,QUEENS,NY,11103
M132,P.S. 132,185 WADSWORTH AVENUE,MANHATTAN,NY,10033
Q126,I.S. 126,31-51 21ST STREET,QUEENS,NY,11106
K520,PACIFIC ALT HS,112 SCHERMERHORN STREET,BROOKLYN,NY,11201
X660,GRACE H. DODGE VOC HS,2474 CROTONA AVENUE,BRONX,NY,10458
K420,FRANKLIN K. LANE HS,999 JAMAICA AVENUE,BROOKLYN,NY,11208
M188,P.S. 188,442 EAST HOUSTON STREET,MANHATTAN,NY,10002
M475,HEALTH PROFESSIONS HS (OL STY),345 CHAMBERS STREET,MANHATTAN,NY,10282
Q336,THE COLLEGE POINT COLLABORATIVE EDUCATIONAL BUILDING,124-06 14TH AVENUE,QUEENS,NY,11356
Q064,P.S. 64,82-01 101ST AVENUE,QUEENS,NY,11416
K505,FRANKLIN D. ROOSEVELT HS,5800 20TH AVENUE,BROOKLYN,NY,11204
Q475,RICHMOND HILL HS,89-30 114 STREET,QUEENS,NY,11418
R025,P.S. 25 ANNEX (OLD 4) - S. I.,6581 HYLAN BOULEVARD,STATEN ISLAND,NY,10309
M084,P.S. 84,32 WEST 92 STREET,MANHATTAN,NY,10025
Q063,P.S. 63,90-15 SUTTER AVENUE,QUEENS,NY,11417
Q445,WILLIAM C. BRYANT HS,48-10 31ST AVENUE,QUEENS,NY,11103
Q061,I.S. 61,98-50 50TH AVENUE,QUEENS,NY,11368
K045,P.S. 45,84 SCHAEFER STREET,BROOKLYN,NY,11207
R050,P.S. 50 - STATEN ISLAND,200 ADELAIDE AVENUE,STATEN ISLAND,NY,10306
Q238,I.S. 238,88-15 182 STREET,QUEENS,NY,11423
Q152,P.S. 152,33-52 62ND STREET,QUEENS,NY,11377
K027,P.S. 27,27 HUNTINGTON STREET,BROOKLYN,NY,11231
R021,P.S. 21 - STATEN ISLAND,168 HOOKER PLACE,STATEN ISLAND,NY,10302
Q082,P.S. 82,88-02 144TH STREET,QUEENS,NY,11435
R042,P.S. 42 - STATEN ISLAND,380 GENESEE AVENUE,STATEN ISLAND,NY,10312
K802,CENT HEADQTRS (131 LIV),131 LIVINGSTON STREET,BROOKLYN,NY,11201
M480,JULIA RICHMAN ED. COMPLEX,317 EAST 67TH STREET,MANHATTAN,NY,10065
K265,I.S. 265,101 PARK AVENUE,BROOKLYN,NY,11205
Q456,HIGH SCHOOL FOR ARTS AND BUSINESS,105-25 HORACE HARDING EXPY N,QUEENS,NY,11368
M440,BAYARD RUSTIN EDUCATIONAL COMP-M,100 WEST 77TH STREET,MANHATTAN,NY,10024
K137,P.S. 137,121 SARATOGA AVENUE,BROOKLYN,NY,11233
Q151,P.S. 151,50-05 31ST AVENUE,QUEENS,NY,11377
K152,P.S. 152,725 EAST 23RD STREET,BROOKLYN,NY,11210
K430,BROOKLYN TECH HS,29 FT GREENE PLACE,BROOKLYN,NY,11217
Q068,P.S. 68,59-09 SAINT FELIX AVENUE,QUEENS,NY,11385
K216,P.S. 216,350 AVENUE X,BROOKLYN,NY,11223
K113,I.S. 113,300 ADELPHI STREET,BROOKLYN,NY,11205
X205,P.S. 205A (ECF),2475 SOUTHERN BOULEVARD,BRONX,NY,10458
Q026,P.S. 26,195-02 69TH AVENUE,QUEENS,NY,11365
X110,P.S. 110,580 CROTONA PARK SOUTH,BRONX,NY,10456
X093,P.S. 93,1535 STORY AVENUE,BRONX,NY,10473
K199,P.S. 199,1100 ELM AVENUE,BROOKLYN,NY,11230
R030,P.S. 30 - STATEN ISLAND,200 WARDWELL AVENUE,STATEN ISLAND,NY,10314
K014,I.S. 14,2424 BATCHELDER STREET,BROOKLYN,NY,11235
Q093,I.S. 93,66-56 FOREST AVENUE,QUEENS,NY,11385
M060,J.H.S. 60,420 EAST 12 STREET,MANHATTAN,NY,10009
K217,P.S. 217,1100 NEWKIRK AVENUE,BROOKLYN,NY,11230
K208,P.S. 208,4801 AVENUE D,BROOKLYN,NY,11203
K038,P.S. 38,450 PACIFIC STREET,BROOKLYN,NY,11217
Q150,P.S. 150,40-01 43RD AVENUE,QUEENS,NY,11104
X111,P.S. 111,3740 BAYCHESTER AVENUE,BRONX,NY,10466
X009,P.S. 9 (OLD 115),230 EAST 183RD STREET,BRONX,NY,10458
K288,P.S. 288,2950 WEST 25TH STREET,BROOKLYN,NY,11224
R007,I.S. 7 - STATEN ISLAND,1270 HUGUENOT AVENUE,STATEN ISLAND,NY,10312
Q183,P.S. 183,2-45 BEACH 79TH STREET,QUEENS,NY,11693
K200,P.S. 200,1940 BENSON AVENUE,BROOKLYN,NY,11214
Q213,P.S. 213,231-02 67TH AVENUE,QUEENS,NY,11364
Q490,CAMPUS MAGNET HS (JACKSON),207-01 116TH AVENUE,QUEENS,NY,11411
X033,P.S. 33,2424 JEROME AVENUE,BRONX,NY,10468
Q165,P.S. 165,70-35 150 STREET,QUEENS,NY,11367
K406,MIDWOOD AF (MAIN),500 MACON STREET,BROOKLYN,NY,11233
Q227,I.S. 227,32-02 JUNCTION BOULEVARD,QUEENS,NY,11369
Q595,AUX. SERV. - JAMAICA LEARN CT,162-02 HILLSIDE AVENUE,QUEENS,NY,11432
K104,P.S. 104,9115 5TH AVENUE,BROOKLYN,NY,11209
Q197,P.S. 197,825 HICKSVILLE ROAD,QUEENS,NY,11691
Q014,P.S. 14,107-01 OTIS AVENUE,QUEENS,NY,11368
K099,P.S. 99,1120 EAST 10TH STREET,BROOKLYN,NY,11230
M751,P.S. 751 (CAR.DEV/OLD 25),113 EAST 4TH STREET,MANHATTAN,NY,10003
Q237,J.H.S. 237,46-21 COLDEN STREET,QUEENS,NY,11355
Q041,P.S. 41,34-06 214 LANE,QUEENS,NY,11361
Q460,FLUSHING HS,35-01 UNION STREET,QUEENS,NY,11354
Q400,AUGUST MARTIN HS,156-10 BAISLEY BOULEVARD,QUEENS,NY,11434
Q390,PRE-K CENTER @ 109-55 128 STREET (ST. TERESA OF AV,56-10 214 STREET,QUEENS,NY,11364
K495,FRANK J. MACCHIAROLA EDUCATIONAL COMPLEX,3000 AVENUE X,BROOKLYN,NY,11235
K197,P.S. 197,1599 EAST 22ND STREET,BROOKLYN,NY,11210
Q156,P.S. 156,229-02 137TH AVENUE,QUEENS,NY,11413
X081,P.S. 81,5550 RIVERDALE AVENUE,BRONX,NY,10471
Q023,QUEENS ACADEMY HS,48-29 37 STREET,QUEENS,NY,11101
Q008,J.H.S. 8,108-35 167TH STREET,QUEENS,NY,11433
Q090,P.S. 90,86-50 109TH STREET,QUEENS,NY,11418
Q091,P.S. 91,68-10 CENTRAL AVE,QUEENS,NY,11385
K255,P.S. 255,1866 EAST 17TH STREET,BROOKLYN,NY,11229
Q269,P.S./I.S. 269,86-37 53RD AVENUE,QUEENS,NY,11373
K405,MIDWOOD HS,2839 BEDFORD AVENUE,BROOKLYN,NY,11210
R024,I.S. 24 - STATEN ISLAND,750 DURANT AVENUE,STATEN ISLAND,NY,10308
Q435,MARTIN VAN BUREN HS,230-17 HILLSIDE AVENUE,QUEENS,NY,11427
K151,P.S. 151,763 KNICKERBOCKER AVENUE,BROOKLYN,NY,11207
X229,P.S. 230/I.S. 229 (UDC),275 HARLEM RIVER PARK BRIDGE,BRONX,NY,10453
M042,P.S. 42,71 HESTER STREET,MANHATTAN,NY,10002
X059,P.S. 59,2185 BATHGATE AVENUE,BRONX,NY,10457
K110,P.S. 110,124 MONITOR STREET,BROOKLYN,NY,11222
Q485,GROVER CLEVELAND HS,21-27 HIMROD STREET,QUEENS,NY,11385
K050,J.H.S. 50,183 SOUTH 3RD STREET,BROOKLYN,NY,11211
Q140,P.S. 140,166-01 116TH AVENUE,QUEENS,NY,11434
Q171,P.S. 171,14-14 29TH AVENUE,QUEENS,NY,11102
M155,P.S. 155,319 EAST 117TH STREET,MANHATTAN,NY,10035
Q040,P.S. 40,109-20 UNION HALL STREET,QUEENS,NY,11433
M166,P.S. 166,132 WEST 89TH STREET,MANHATTAN,NY,10024
Q176,P.S. 176,120-45 235 STREET,QUEENS,NY,11411
X123,I.S. 123,1025 MORRISON AVENUE,BRONX,NY,10472
X022,I.S. 22,270 EAST 167TH STREET,BRONX,NY,10456
K218,I.S. 218,370 FOUNTAIN AVENUE,BROOKLYN,NY,11208
Q112,P.S. 112,25-05 37TH AVENUE,QUEENS,NY,11101
Q480,JOHN ADAMS HS,101-01 ROCKAWAY BOULEVARD,QUEENS,NY,11417
M446,UNIVERSITY NEIGHBORHOOD,200 MONROE STREET,MANHATTAN,NY,10002
R034,I.S. 34 (OLD TOTTENVILLE) - S.I,528 ACADEMY AVENUE,STATEN ISLAND,NY,10307
K094,P.S. 94,5010 6TH AVENUE,BROOKLYN,NY,11220
R001,P.S. 1 - STATEN ISLAND,58 SUMMIT STREET,STATEN ISLAND,NY,10307
K272,P.S. 272,101-24 SEAVIEW AVENUE,BROOKLYN,NY,11236
Q196,P.S. 196,71-25 113TH STREET,QUEENS,NY,11375
Q145,I.S. 145,33-34 80TH STREET,QUEENS,NY,11372
Q168,J.H.S. 168,158-40 76TH ROAD,QUEENS,NY,11366
M841,P.S. 811 (OLD P148/LIVINGS HS),466 WEST END AVENUE,MANHATTAN,NY,10024
Q053,I.S. 53,10-45 NAMEOKE STREET,QUEENS,NY,11691
K116,P.S. 116,515 KNICKERBOCKER AVENUE,BROOKLYN,NY,11237
K071,I.S. 71,215 HEYWARD STREET,BROOKLYN,NY,11206
Q066,P.S. 66,85-11 102 STREET,QUEENS,NY,11418
K270,P.S. 270,241 EMERSON PLACE,BROOKLYN,NY,11205
K268,P.S. 268,133 EAST 53RD STREET,BROOKLYN,NY,11203
K135,P.S. 135,684 LINDEN BOULEVARD,BROOKLYN,NY,11203
Q229,P.S. 229,67-25 51ST ROAD,QUEENS,NY,11377
Q882,P.S. 182,90-36 150TH STREET,QUEENS,NY,11435
M028,P.S. 28,475 WEST 155TH STREET,MANHATTAN,NY,10032
K305,P.S. 305,344 MONROE STREET,BROOKLYN,NY,11216
K303,I.S. 303,501 WEST AVENUE,BROOKLYN,NY,11224
K163,P.S. 163,109 BAY 14TH STREET,BROOKLYN,NY,11214
Q205,P.S. 205,75-25 BELL BOULEVARD,QUEENS,NY,11364
X053,P.S. 53,360 EAST 168TH STREET,BRONX,NY,10456
Q124,P.S. 124,129-15 150TH AVENUE,QUEENS,NY,11420
Q425,JOHN BOWNE HS,63-25 MAIN STREET,QUEENS,NY,11367
Q177,P.S. 177,56-37 188TH STREET,QUEENS,NY,11365
M187,P.S./I.S. 187,349 CABRINI BOULEVARD,MANHATTAN,NY,10040
K101,P.S. 101,8696 24 AVENUE,BROOKLYN,NY,11214
Q122,P.S. 122,21-21 DITMARS BOULEVARD,QUEENS,NY,11105
K763,P.S. 763,5404 TILDEN AVENUE,BROOKLYN,NY,11203
R066,ECC @1625 FOREST AVENUE - STATEN ISLAND,1625 FOREST AVENUE,STATEN ISLAND,NY,10302
K213,P.S. 213,580 HEGEMAN AVENUE,BROOKLYN,NY,11207
Q194,J.H.S. 194,154-60 17TH AVENUE,QUEENS,NY,11357
M387,P.S. 387,652 WEST 187 STREET,MANHATTAN,NY,10033
K106,P.S. 106,1328 PUTNAM AVENUE,BROOKLYN,NY,11221
M040,P.S. 40,320 EAST 20TH STREET,MANHATTAN,NY,10003
M056,J.H.S. 56,220 HENRY STREET,MANHATTAN,NY,10002
M192,P.S. 192,500 WEST 138TH STREET,MANHATTAN,NY,10031
Q505,HILLCREST HS,160-05 HIGHLAND AVENUE,QUEENS,NY,11432
K515,SOUTH SHORE EDUCATIONAL CAMPUS,6565 FLATLANDS AVENUE,BROOKLYN,NY,11236
K062,I.S. 62,700 CORTELYOU ROAD,BROOKLYN,NY,11218
Q060,P.S. 60,91-02 88TH AVENUE,QUEENS,NY,11421
X132,P.S. 132,1245 WASHINGTON AVENUE,BRONX,NY,10456
K112,P.S. 112,7115 15TH AVENUE,BROOKLYN,NY,11228
Q105,P.S. 105,420 BEACH 51ST STREET,QUEENS,NY,11691
M140,P.S. 140,123 RIDGE STREET,MANHATTAN,NY,10002
K722,P.S. 721 OTC,790 EAST NEW YORK AVENUE,BROOKLYN,NY,11203
K277,P.S. 277,2529 GERRITSEN AVENUE,BROOKLYN,NY,11229
M041,P.S. 41,116 WEST 11TH STREET,MANHATTAN,NY,10011
R060,P.S. 60 - STATEN ISLAND,55 MERRILL AVENUE,STATEN ISLAND,NY,10314
M124,P.S. 124 (ECF),40 DIVISION STREET,MANHATTAN,NY,10002
Q102,P.S./I.S. 102,55-24 VAN HORN STREET,QUEENS,NY,11373
Q104,P.S. 104,26-01 MOTT AVENUE,QUEENS,NY,11691
K328,P.S. 328,330 ALABAMA AVENUE,BROOKLYN,NY,11207
Q440,FOREST HILLS HS,67-01 110TH STREET,QUEENS,NY,11375
K102,P.S. 102,211 72ND STREET,BROOKLYN,NY,11209
X085,P.S. 85,2400 MARION AVENUE,BRONX,NY,10458
Q792,NORTH QUEENS COMMUNITY HS,141-25 77 ROAD,QUEENS,NY,11367
K256,P.S. 256,114 KOSCIUSZKO STREET,BROOKLYN,NY,11216
K058,P.S. 58,330 SMITH STREET,BROOKLYN,NY,11231
K136,I.S. 136,4004 4TH AVENUE,BROOKLYN,NY,11232
Q186,P.S. 186,252-12 72ND AVENUE,QUEENS,NY,11426
M076,P.S. 76,220 WEST 121ST STREET,MANHATTAN,NY,10027
Q125,I.S. 125,46-02 47TH AVENUE,QUEENS,NY,11377
X430,WALTON HS,2780 RESERVOIR AVENUE,BRONX,NY,10468
X126,P.S. 126 (ECF),175 WEST 166TH STREET,BRONX,NY,10452
M057,P.S. 57,176 EAST 115TH STREET,MANHATTAN,NY,10029
Q457,NEWTOWN AF,90-20 56TH AVENUE,QUEENS,NY,11373
M022,N.E.S.T (OLD J22),111 COLUMBIA STREET,MANHATTAN,NY,10002
K165,P.S. 165,76 LOTT AVENUE,BROOKLYN,NY,11212
K046,P.S. 46,100 CLERMONT AVENUE,BROOKLYN,NY,11205
K728,LIBERATION DIPLOMA PLUS H.S.,2865 WEST 19TH STREET,BROOKLYN,NY,11224
X021,P.S. 21,715 EAST 225TH STREET,BRONX,NY,10466
Q392,PRE-K CENTER @68-20 MYRTLE AVENUE (ST. PANCRAS),PRE-K CENTER @ 68-20 MYRTLE AVENUE,QUEENS,NY,11385
Q144,P.S. 144,69-20 JUNO STREET,QUEENS,NY,11375
R061,I.S. 61 - STATEN ISLAND,445 CASTLETON AVENUE,STATEN ISLAND,NY,10301
M096,P.S. 96,216 EAST 120TH STREET,MANHATTAN,NY,10035
Q067,J.H.S. 67,51-60 MARATHON PARKWAY,QUEENS,NY,11362
Q226,I.S. 226,121-10 ROCKAWAY BOULEVARD,QUEENS,NY,11420
M535,PARK WEST HS (ECF),525 WEST 50TH STREET,MANHATTAN,NY,10019
K034,P.S. 34,131 NORMAN AVENUE,BROOKLYN,NY,11222
M046,P.S. 46,2987 FREDERICK DOUGLASS BOULEVARD,MANHATTAN,NY,10039
K201,I.S. 201,8010 12TH AVENUE,BROOKLYN,NY,11228
Q374,P.S. 374,120-27 141 STREET,QUEENS,NY,11436
K169,P.S. 169,4305 7TH AVENUE,BROOKLYN,NY,11232
M508,3K Center @ 330 East 38th Street,330 EAST 38TH STREET,MANHATTAN,NY,10016
Q841,P.S. 199 ANNEX,48-25 37TH STREET,QUEENS,NY,11101
Q172,J.H.S. 172,81-14 257 STREET,QUEENS,NY,11004
K023,P.S. 23,545 WILLOUGHBY AVENUE,BROOKLYN,NY,11206
Q072,J.H.S. 72,133-25 GUY R BREWER BOULEVARD,QUEENS,NY,11434
M661,MNHT COMP NIGHT&DAY (OL BACN X)-M,240 2ND AVENUE,MANHATTAN,NY,10003
M108,P.S. 108,1615 MADISON AVENUE,MANHATTAN,NY,10029
K134,P.S. K134,4001 18TH AVENUE,BROOKLYN,NY,11218
Q142,P.S. 752 (OLD J142),142-10 LINDEN BOULEVARD,QUEENS,NY,11436
X106,P.S. 106,1514 OLMSTEAD AVENUE,BRONX,NY,10462
Q109,I.S. 109,213-10 92ND AVENUE,QUEENS,NY,11428
K490,FORT HAMILTON HS,8301 SHORE ROAD,BROOKLYN,NY,11209
M126,P.S. 126,80 CATHERINE STREET,MANHATTAN,NY,10038
X440,DEWITT CLINTON HS,100 WEST MOSHOLU PARKWAY SOUTH,BRONX,NY,10468
Q474,3K CENTER @ 104-06 101 AVENUE,101-20 105TH STREET,QUEENS,NY,11416
R016,P.S. 16 - STATEN ISLAND,195 DANIEL LOW TERRACE,STATEN ISLAND,NY,10301
K011,P.S. 11,419 WAVERLY AVENUE,BROOKLYN,NY,11238
M104,I.S. 104,330 EAST 21ST STREET,MANHATTAN,NY,10010
Q443,3K Center @ 18-31 131st Street ( Q443 ),18-31 131ST STREET,QUEENS,NY,11356
K124,P.S. 124,515 4TH AVENUE,BROOKLYN,NY,11215
M063,P.S. 63,121 EAST 3RD STREET,MANHATTAN,NY,10009
M860,CENT HEADQUARTERS,215 WEST 114TH STREET,MANHATTAN,NY,10026
X045,I.S. 45,2502 LORILLARD PLACE,BRONX,NY,10458
Q811,P.S. 811 (OLD 187),61-25 MARATHON PARKWAY,QUEENS,NY,11362
Q127,P.S. 127,98-01 25TH AVENUE,QUEENS,NY,11369
X152,P.S. 152,1007 EVERGREEN AVENUE,BRONX,NY,10472
Q089,P.S. 89,85-28 BRITTON AVENUE,QUEENS,NY,11373
Q405,BAYSIDE HS,32-24 CORPORAL KENNEDY STREET,QUEENS,NY,11361
K302,I.S. 302,350 LINWOOD STREET,BROOKLYN,NY,11208
Q114,P.S. 114,134-01 CRONSTON AVENUE,QUEENS,NY,11694
Q076,P.S. 76,36-36 10 STREET,QUEENS,NY,11106
Q620,THOMAS A. EDISON VOC HS,165-65 84TH AVENUE,QUEENS,NY,11432
X062,P.S. 62,660 FOX STREET,BRONX,NY,10455
M010,I.S. 10 (TANDEM M200),2581 7TH AVENUE,MANHATTAN,NY,10039
Q108,P.S. 108,108-10 109TH AVENUE,QUEENS,NY,11420
Q052,P.S. 52,178-37 146 TERRACE,QUEENS,NY,11434
X019,P.S. 19,311 EAST 237 STREET,BRONX,NY,10470
M195,I.S. 195 (ECF),625 WEST 133TH STREET,MANHATTAN,NY,10027
M645,OLD MANHATTAN VOC/TECH HS,320 EAST 96TH STREET,MANHATTAN,NY,10128
M451,LIBERTY HS,250 WEST 18TH STREET,MANHATTAN,NY,10011
R019,P.S. 19 - STATEN ISLAND,780 POST AVENUE,STATEN ISLAND,NY,10310
M340,P.S. 340,590 SIXTH AVENUE,MANHATTAN,NY,10011
M873,MANHATTAN VILLAGE ACADEMY,43 WEST 22ND STREET,MANHATTAN,NY,10010
Q979,P.S. 177 TEMP. C.R. BLDG.,56-37 188TH STREET,QUEENS,NY,11365
Q848,P.S. 81 ANNEX (OLD 75),511 SENECA AVENUE,QUEENS,NY,11385
X131,I.S. 131,885 BOLTON AVENUE,BRONX,NY,10473
K003,P.S. 3,50 JEFFERSON AVENUE,BROOKLYN,NY,11216
Q345,3K Center @ 40-08 /16 34th Avenue ( Q345 ),40-08 34TH AVENUE,QUEENS,NY,11101
X075,P.S. 75,984 FAILE STREET,BRONX,NY,10459
Q399,3K Center @ Laurel Hill Blvd ( Q399 ),61-02 LAUREL HILL BOULEVARD,QUEENS,NY,11377
Q994,I.S. 217 TEMP. C.R. BLDG.,85-05 144TH STREET,QUEENS,NY,11435
K161,P.S. 161,330 CROWN STREET,BROOKLYN,NY,11225
K130,P.S. 130,70 OCEAN PARKWAY,BROOKLYN,NY,11218
Q046,P.S. 46,64-45 218TH STREET,QUEENS,NY,11364
X314,P.S. 314,1550 VYSE AVENUE,BRONX,NY,10460
R055,P.S. 55 - STATEN ISLAND,54 OSBORNE STREET,STATEN ISLAND,NY,10312
K111,I.S. 111,35 STARR STREET,BROOKLYN,NY,11221
K282,P.S. 282,180 6 AVENUE,BROOKLYN,NY,11217
Q034,P.S. 34,104-12 SPRINGFIELD BOULEVARD,QUEENS,NY,11429
Q210,I.S. 210,93-11 101ST AVENUE,QUEENS,NY,11416
X122,P.S. 310,260 W KINGSBRIDGE ROAD,BRONX,NY,10463
X049,P.S. 49,383 EAST 139TH STREET,BRONX,NY,10454
Q376,3K Center @ 159-02 Jamaica Avenue ( Q376 ),210-21 48TH AVENUE,QUEENS,NY,11364
K193,P.S. 193,2515 AVENUE L,BROOKLYN,NY,11210
Q131,P.S. 131,170-21 84 AVENUE,QUEENS,NY,11432
K032,P.S. 32,317 HOYT STREET,BROOKLYN,NY,11231
Q477,3K CENTER @ 87-40 88 STREET,87-40 88TH STREET,QUEENS,NY,11421
Q100,P.S. 100,111-11 118 STREET,QUEENS,NY,11420
X864,P.S. 205B (ECF),2375 SOUTHERN BOULEVARD,BRONX,NY,10460
Q885,RENAISSANCE CHARTER SCHOOL,35-59 81ST STREET,QUEENS,NY,11372
M061,P.S. 61,610 EAST 12TH STREET,MANHATTAN,NY,10009
M002,P.S. 2,122 HENRY STREET,MANHATTAN,NY,10002
K067,P.S. 67,51 SAINT EDWARDS STREET,BROOKLYN,NY,11205
X082,I.S. 232,1700 MACOMBS ROAD,BRONX,NY,10453
Q118,P.S. 118,190-20 109TH ROAD,QUEENS,NY,11412
K212,P.S. 212,87 BAY 49TH STREET,BROOKLYN,NY,11214
Q280,P.S. 280,34-20 94TH STREET,QUEENS,NY,11372
K068,I.S. 68,956 EAST 82ND STREET,BROOKLYN,NY,11236
Q037,P.S. 37,179-37 137 AVENUE,QUEENS,NY,11434
M163,P.S. 163,163 WEST 97 STREET,MANHATTAN,NY,10025
Q038,P.S. 38,135-21 241ST STREET,QUEENS,NY,11422
Q195,P.S. 195,253-50 149 AVENUE,QUEENS,NY,11422
Q410,Beach Channel Educational Campus,100-00 BEACH CHANNEL DRIVE,QUEENS,NY,11694
K250,P.S. 250,108 MONTROSE AVENUE,BROOKLYN,NY,11206
X030,P.S. 30,510 EAST 141ST STREET,BRONX,NY,10454
K025,P.S. 25,787 LAFAYETTE AVENUE,BROOKLYN,NY,11221
Q409,DDC UPK CENTER@143RD STREET QUEENS,14-45 143 STREET,QUEENS,NY,11357
K369,P.S. 369 (COY COX SCHOOL),383 STATE STREET,BROOKLYN,NY,11217
R054,P.S. 54 - STATEN ISLAND,1060 WILLOWBROOK ROAD,STATEN ISLAND,NY,10314
K260,P.S. 260,875 WILLIAMS AVENUE,BROOKLYN,NY,11207
R829,ARTHUR D. PHILLIPS SCHOOL,98 GRANT STREET,STATEN ISLAND,NY,10301
Q798,BACCALAUREATE SCHOOL FOR GLOBAL EDUCATION,34-12 36TH AVENUE,QUEENS,NY,11106
Q097,P.S. 97,85-52 85TH STREET,QUEENS,NY,11421
Q160,P.S. 160,109-59 INWOOD STREET,QUEENS,NY,11435
X028,P.S. 28,1861 ANTHONY AVENUE,BRONX,NY,10457
Q095,P.S. 95,179-01 90TH AVENUE,QUEENS,NY,11432
Q018,P.S. 18,86-35 235 COURT,QUEENS,NY,11427
M146,P.S. 146,421 EAST 106TH STREET,MANHATTAN,NY,10029
Q181,P.S. 181,148-15 230 STREET,QUEENS,NY,11413
Q019,P.S. 19,40-10 99 STREET,QUEENS,NY,11368
Q015,P.S. 15,121-15 LUCAS STREET,QUEENS,NY,11413
M116,P.S. 116,210 EAST 33 STREET,MANHATTAN,NY,10016
X001,P.S. 1,335 EAST 152ND STREET,BRONX,NY,10451
X026,P.S. 396,1930 ANDREWS AVENUE,BRONX,NY,10453
K286,P.S. 811 (OLD P286),2525 HARING STREET,BROOKLYN,NY,11235
K029,P.S. 29,425 HENRY STREET,BROOKLYN,NY,11201
K347,P.S. @ 763 PRESIDENT STREET,35 STARR STREET,BROOKLYN,NY,11221
X066,P.S. 66,1001 JENNINGS STREET,BRONX,NY,10460
R049,I.S. 49 - STATEN ISLAND,101 WARREN STREET,STATEN ISLAND,NY,10304
Q800,DOE ADMINISTRATIVE / STUDENT SERVICES,28-11 QUEENS PLAZA NORTH,QUEENS,NY,11101
R035,P.S. 35 - STATEN ISLAND,60 FOOTE AVENUE,STATEN ISLAND,NY,10301
QASU,BETTER COMMUNITY LIFE DAY CARE CENTER SITE,3410 108 STREET,QUEENS,NY,11368
Q069,P.S. 69,77-02 37TH AVENUE,QUEENS,NY,11372
Q397,PRE-K CENTER @37TH STREET,32-52 37TH STREET,QUEENS,NY,11103
Q190,J.H.S. 190,68-17 AUSTIN STREET,QUEENS,NY,11375
K172,P.S. 172,825 4TH AVENUE,BROOKLYN,NY,11232
K377,P.S. 377,200 WOODBINE STREET,BROOKLYN,NY,11221
Q119,I.S. 119,74-01 78TH AVENUE,QUEENS,NY,11385
X096,P.S. 96,2385 OLINVILLE AVENUE,BRONX,NY,10467
X144,I.S. 144,2545 GUNTHER AVENUE,BRONX,NY,10469
Q050,P.S. 50,143-26 101ST AVENUE,QUEENS,NY,11435
Q121,P.S. 121,126-10 109TH AVENUE,QUEENS,NY,11420
Q032,P.S. 32,33-59 171 STREET,QUEENS,NY,11358
K123,P.S. 123,100 IRVING AVENUE,BROOKLYN,NY,11237
M001,P.S. 1,8 HENRY STREET,MANHATTAN,NY,10038
Q175,P.S. 175,64-35 102ND STREET,QUEENS,NY,11374
Q162,P.S. 162,201-02 53RD AVENUE,QUEENS,NY,11364
Q002,P.S. 2,75-10 21 AVENUE,QUEENS,NY,11370
M282,BROADWAY EDUCATION CAMPUS,411 PEARL STREET,MANHATTAN,NY,10038
X475,JOHN F. KENNEDY HS,99 TERRACE VIEW AVENUE,BRONX,NY,10463
M064,P.S. 64 (OLD 71),600 EAST 6TH STREET,MANHATTAN,NY,10009
M520,MURRY BERGTRAUM HS (ECF),411 PEARL STREET,MANHATTAN,NY,10038
Q115,P.S. 115,80-51 261ST STREET,QUEENS,NY,11004
KBND,PAL MICCIO EARLY LEARNING CENTER,595 CLINTON STREET,BROOKLYN,NY,11231
Q188,P.S. 188,218-12 HARTLAND AVENUE,QUEENS,NY,11364
K15D,228 46TH STREET,228 46TH STREET,BROOKLYN,NY,11220
Q461,3K CENTER @ 186-16 UNION TURNPIKE,186-16 UNION TURNPIKE,QUEENS,NY,11366
M859,I.S. 143 MINISCHOOL  -M,129 WEST 67TH STREET,MANHATTAN,NY,10023
Q017,P.S. 17,28-37 29TH STREET,QUEENS,NY,11102
Q116,P.S. 116,107-25 WREN PLACE,QUEENS,NY,11433
Q132,P.S. 132,132-15 218TH STREET,QUEENS,NY,11413
K400,LAFAYETTE EDUCATIONAL CAMPUS,2630 BENSON AVENUE,BROOKLYN,NY,11214
Q155,P.S. 155,130-02 115TH AVENUE,QUEENS,NY,11420
X127,I.S. 127,1551 CASTLE HILL AVENUE,BRONX,NY,10462
Q012,P.S. 12,42-00 72ND STREET,QUEENS,NY,11377
Q198,I.S. 198,3-65 BEACH 56 STREET,QUEENS,NY,11692
Q049,P.S./I.S. 49,63-60 80 STREET,QUEENS,NY,11379
M003,P.S. 3,490 HUDSON STREET,MANHATTAN,NY,10014
M183,P.S. 183,419 EAST 66 STREET,MANHATTAN,NY,10065
M019,P.S. 19,185 1ST AVENUE,MANHATTAN,NY,10003
M089,P.S./I.S. 89,201 WARREN STREET,MANHATTAN,NY,10282
M111,P.S. 111,440 WEST 53RD STREET,MANHATTAN,NY,10019
X068,P.S. 68,4011 MONTICELLO AVENUE,BRONX,NY,10466
X146,P.S. 146,968 CAULDWELL AVENUE,BRONX,NY,10456
M033,P.S. 33,281 9TH AVENUE,MANHATTAN,NY,10001
K329,P.S. 329,2929 WEST 30TH STREET,BROOKLYN,NY,11224
M075,P.S. 75,735 WEST END AVENUE,MANHATTAN,NY,10025
M199,P.S. 199,270 WEST 70TH STREET,MANHATTAN,NY,10023
M107,THE HERITAGE SCHOOL,1680 LEXINGTON AVENUE,MANHATTAN,NY,10029